name,x,y
abalone,5.244451,8.943239
abalone_mushroom,5.382994,9.593408
absinthe,0.19164494,5.469517
acacia,3.4192307,7.9514236
acai,2.4417057,6.9421983
acerola,1.7032346,7.8926578
achiote_paste,6.9076385,4.5181823
acorn,4.853821,5.668347
acorn_squash,4.6844363,5.742697
activated_charcoal_powder,2.2701135,7.70016
adjika,3.6102931,5.7593675
adobo_sauce,6.4928007,4.374236
adobo_seasoning,6.518211,4.518805
advocaat,0.51994425,6.3127246
agar,2.1870542,8.11367
agati_flower,7.1795516,9.023369
agave_syrup,2.504601,6.8348465
aguardiente,1.7507385,5.5324655
aji_amarillo,7.2424173,5.061576
aji_panca,7.2651706,5.081007
ajvar,5.081658,4.920769
ajwain,8.120385,6.559424
alcaparrado,6.789458,4.759323
aleppo_pepper,5.5314884,4.9383435
alfalfa_sprout,5.3982487,5.116257
alfredo_sauce,5.425828,4.3592496
alligator,4.0190096,9.010646
allspice,1.9262538,5.470871
allulose,2.9885526,8.145377
almond,1.612132,5.916545
almond_butter,2.532667,6.892605
almond_milk,2.4091778,6.9400263
almond_paste,1.0971662,6.5757504
almond_tofu,1.9858469,6.5035887
aloe_vera,2.37265,8.367563
alum,7.0574446,7.6117225
amaranth,4.8080826,8.287215
amaretti_cookie,0.838007,6.373827
amaretto,0.63212323,6.304917
amaro,0.19169678,5.4688053
amazake,2.4003706,6.6797967
amberjack,5.9312525,6.665832
amchur,8.090783,6.534585
american_cheese,5.9073267,4.049481
anaheim_chile,6.466739,4.399659
anardana_powder,8.132203,6.530842
ancho_chile,6.7827215,4.425235
anchovy,5.8300624,5.9953995
andouille_sausage,6.1581945,4.8398438
angelica_root,3.6693406,9.0040455
anise,1.76394,5.511528
anisette,0.96491164,5.402253
annatto_seed,7.23234,8.863861
aonori,5.467265,7.982161
apple,1.4961243,5.5891576
apple_brandy,0.41016737,5.4312296
apple_cider,1.0094404,5.3429704
apple_cider_vinegar,5.9272017,5.5673847
apple_pie_spice,1.1223359,6.614057
applewood_chip,5.8003907,4.739072
apricot,1.4868374,5.8520865
apricot_brandy,0.36066648,5.633525
aquafaba,4.7992253,6.082873
aquavit,0.3555646,5.5121183
arame,5.070532,6.7919564
arctic_char,5.739411,5.661667
arepa,6.8078074,4.612866
argan_oil,4.669198,5.28544
armagnac,0.85132504,5.332348
aronia_berry,2.3551831,5.9484906
arrowhead,5.3923683,9.378694
arrowroot,2.3377824,6.8675146
artichoke,5.426422,5.1555533
arugula,5.4749494,5.682825
asafoetida,8.101047,6.6337724
asam_gelugur,7.767025,7.9486914
ascorbic_acid,1.8117,6.5539484
asiago_cheese,5.275923,4.481699
asian_pear,4.150819,7.206316
asparagus,5.628579,6.1480536
astragalus_root,3.6179817,9.042557
avocado,6.070569,5.655651
avocado_oil,4.8905535,6.2642937
ayran,3.312607,5.265852
bacon,6.269728,5.7621717
bagel,5.451033,4.17873
baharat,4.5672083,5.539308
bai_ji_mo,5.6337104,9.760887
baijiu,6.3481355,8.61804
bak_kut_teh_spice,5.303917,9.174722
baked_beans,6.4730005,4.550934
bakers_ammonia,1.8543907,7.0167203
baking_powder,1.7402328,6.322827
baking_soda,1.7250755,6.3704515
balado_seasoning,7.7407193,7.978415
balsamic_vinegar,5.472112,5.7065434
balut,7.1259255,9.009698
balyk,3.610645,5.8522887
bamboo_leaf,3.359384,8.377822
bamboo_pith_mushroom,4.514679,9.221752
bamboo_salt,5.7425985,9.186617
bamboo_shoot,5.9943366,8.62693
banana,1.2478173,6.2768955
banana_blossom,7.19864,8.97222
banana_leaf,7.53382,8.161202
banana_pepper,5.8557673,4.301954
barbecue_sauce,6.1305957,4.804342
barbecue_seasoning,6.242227,8.37072
barberry,3.7306454,5.675839
barley,3.3469224,8.766957
barley_grass,2.4915988,7.7601714
barramundi,5.833517,7.330506
basa,6.0177846,9.110545
basil,5.9806085,5.8464513
basil_seed,2.3480554,8.360289
basmati_rice,7.6041965,6.224525
batang_fish,6.1568427,9.575856
bay_leaf,6.308184,6.4127235
bean,6.307907,6.0861464
bean_sprout,6.2088323,8.32655
bear_meat,5.851606,4.6993628
bearnaise_sauce,5.7536764,4.649734
bechamel,4.9280033,4.989345
bee_pollen,2.5025885,6.9138584
beef,6.271016,6.0695367
beer,6.4662175,7.421487
beet,5.455531,5.9816513
bel_paese_cheese,4.9429574,4.6927695
bell_pepper,6.2851453,6.0595694
bellflower_root,3.3536792,8.982956
benedictine,0.16845056,5.4254394
berbere,7.71558,6.2193985
bergamot,2.5075994,8.223992
berry,1.2937887,5.65324
bilimbi,7.722212,8.003417
birds_eye_chili,6.3563004,8.469275
birds_nest,2.6262627,8.589431
biryani_masala,7.808361,6.323265
biscotti,0.8923784,6.4039006
biscuit,1.2106165,6.7396274
bison,5.828011,4.8239393
bitter_almond,3.379541,9.005388
bitter_green,5.6703863,9.672242
bitter_melon,6.394089,8.731925
bitter_orange,6.858379,4.7607703
bittern,5.4435544,9.009978
bitters,0.4041194,5.418795
black_bean,6.544549,4.7268734
black_bean_paste,6.261498,8.980728
black_currant,1.4413968,5.7582893
black_eyed_pea,6.456296,4.899373
black_garlic,5.1551213,6.5268226
black_olive,5.924496,5.572377
black_pepper,6.221252,6.0669656
black_rice,3.3202128,8.471877
black_salt,7.9946756,6.470055
black_sesame_seed,2.8743165,8.033653
black_tea,2.0024695,8.043513
black_treacle,1.5149636,6.661531
black_truffle,4.9830155,5.509499
black_vinegar,5.537599,9.054985
blackberry,1.0700095,5.893753
blackening_seasoning,6.118367,4.7577214
blood_orange,0.8286593,5.9114823
blood_sausage,6.422481,5.209372
blood_tofu,5.6853347,9.6932125
bloody_mary_mix,5.7926445,4.2859883
blue_cheese,4.8673534,4.921638
blue_curacao,0.53241944,6.707371
blueberry,1.0714766,5.826332
bluefish,5.6714425,5.1056724
bok_choy,5.759133,8.752702
bolillo,6.936392,4.329405
bolognese_sauce,5.016176,4.5798674
bombay_duck_fish,5.904136,9.675913
bone,4.209187,9.131039
bone_marrow,6.751588,8.974381
bonito,5.5971193,8.163411
bonito_flakes,5.5937443,8.154024
borage,3.134806,5.406184
borlotti_bean,5.0161486,5.936084
bottarga,4.9556265,5.0793915
bottle_gourd,5.610502,8.688662
bouquet_garni,5.1692095,5.3285213
bourbon,0.6493036,5.4659605
boursin_cheese,5.1720076,4.655729
boysenberry,0.9453783,6.315507
braising_liquid,6.2292647,9.129829
bran,2.3936617,6.698312
brandy,0.7911784,5.430873
branzino,5.5816793,5.2188873
bratwurst,5.9903197,4.7789207
braunschweiger,5.485469,4.2401586
brazil_nut,2.3348186,6.9328403
bread,6.1290183,5.7758107
bread_crumbs,6.0653753,5.811118
breadfruit,2.6929524,8.383821
bream,6.0925756,9.20463
bresaola,4.8090396,4.649626
brewers_yeast,2.6142263,6.6686745
brick_cheese,5.7539673,4.106994
brick_tea,2.431512,8.236248
brie_cheese,4.8662786,4.8291726
brine,6.2705164,8.201079
brioche,1.5461684,6.3017626
broccoli,6.1937428,6.402387
broccoli_rabe,5.074369,4.810107
broccolini,5.2523537,4.9643474
broth,6.4075613,7.8932343
brown_rice,4.9262543,6.2554574
brown_sauce,5.153454,5.276313
brown_sugar,1.6194061,5.7603407
browning_sauce,5.8267245,4.870864
brussels_sprout,4.798226,5.631398
bryndza,3.5957575,5.8218822
buckwheat,3.03206,6.916268
budae_jjigae_base,5.541534,9.408681
buffalo_meat,5.812164,4.556314
buffalo_milk,2.503593,8.171701
buffalo_wing_sauce,6.055083,4.2292867
buldak_sauce,5.5336304,9.637562
bulgogi,5.6320267,7.74435
bulgur,4.214736,5.644766
burdock_root,5.497722,8.342517
burrata,4.8316946,4.927971
butifarra,6.6480966,5.24849
butter,1.8237501,6.083088
buttercream,1.1123874,6.9777985
butterfish,5.6157527,5.2485886
butterfly_pea_flower,2.3162887,8.13429
buttermilk,1.7135923,6.0031815
butternut_squash,5.549831,5.47894
butterscotch,0.7554806,6.5003657
cabbage,6.339896,6.999828
cacao,1.9210806,6.752735
cachaca,0.17849992,5.4946265
caciocavallo,4.80056,4.808292
caesar_dressing,5.490977,4.449847
cajeta,1.0009861,6.837206
cajun_seasoning,6.1690974,4.8272767
calabrian_chili,4.9278083,4.785398
calamansi,7.588773,8.06471
calcium_chloride,3.7505746,6.1699557
calendula,1.4106047,6.1697063
calpis,1.3132138,7.381029
calvados,0.7602248,5.272284
camellia_oil,5.6212873,9.014165
camembert_cheese,5.040269,4.7762923
campari,0.1770663,5.650907
canadian_bacon,5.68544,4.343422
candied_fruit,1.4288121,6.219724
candlenut,7.7527685,7.882569
candy,1.2100158,6.8245673
candy_coating,0.9333381,6.7873363
cane_syrup,2.3048444,5.341553
cane_vinegar,6.2323728,4.948902
cannellini_bean,5.7414665,5.304252
cannoli_shell,0.7749606,6.5313115
canola_oil,5.9194903,5.9728556
cantal_cheese,5.014678,4.689681
cantaloupe,1.09652,5.6747246
cape_gooseberry,1.2338797,6.4930034
capelin,3.9304824,5.9790235
caper,5.952671,5.6895275
caperberry,5.1700892,5.4368005
capicola,4.9815927,4.512378
capon,5.30432,6.3992558
caramel,1.1473085,6.4900646
caraway_seed,5.3265734,5.581428
cardamom,1.8394794,5.5377827
cardoon,5.046453,5.1468616
carob,2.4143894,6.826884
carob_molasses,2.0965984,6.349111
carp,6.4924054,9.121978
carrageenan,1.9850084,7.3453655
carrot,6.265278,6.3652873
carrot_top,5.8081603,5.078876
cartilage,5.765243,9.554987
cascabel_chile,6.8649926,4.2931805
cashew,2.6002827,6.8219647
cassava,7.2988486,8.760249
catfish,6.821011,8.296227
catnip,5.6912374,9.422031
cattail,4.4645176,8.872168
caul_fat,5.939138,9.192596
cauliflower,6.055181,6.252513
cava,0.35318378,5.607857
caviar,5.2076797,7.4644437
cayenne_pepper,5.9199605,5.6298895
celeriac,5.0764794,5.751302
celery,6.099012,5.957315
celery_seed,6.0627246,4.5245013
celtuce,6.156312,9.164368
century_egg,5.750315,8.907431
cereal,2.1621683,6.432844
chaat_masala,8.094519,6.5090127
chai_spice,0.98936397,6.5815268
chamomile,1.2611408,6.050921
champagne,0.5576774,5.478909
champagne_vinegar,5.2208953,5.6272435
chana_dal,8.092402,6.6288366
chanterelle_mushroom,4.8916955,5.4113994
chaozhou_salted_vegetable,5.7117076,9.741779
char_siu_pork,6.312756,9.139786
char_siu_sauce,6.3744698,9.090427
chartreuse,0.19775671,5.54465
chayote,6.882805,8.003519
cheddar_cheese,5.898396,4.112596
cheese,6.1886806,5.9660034
cheongyang_chili,5.4630485,9.27044
cherry,1.180697,5.629695
cherry_blossom,1.7695767,7.622063
cherry_leaf,2.4065897,5.927514
cherry_liqueur,0.6094604,5.8753667
cherry_pepper,5.0874944,4.6301646
cherry_plum,3.0824635,5.880709
chervil,5.6046104,5.915843
cheshire_cheese,4.4870853,4.8280168
chestnut,3.7793467,8.825261
chia_seed,2.458703,6.941699
chicha,7.251313,5.0533686
chicken,6.4820104,6.773238
chicken_broth,6.4344788,7.696951
chicken_fat,4.992568,9.043463
chickpea,5.366296,6.208426
chicory,5.170097,7.4233956
chihuahua_cheese,6.924282,4.261102
chikuwa,5.405967,8.099966
chile_de_arbol,6.785675,4.444321
chili_garlic_sauce,6.2855906,8.671281
chili_oil,6.1817303,8.697845
chili_paste,6.373125,8.317253
chili_pepper,6.5099654,8.057387
chili_powder,6.65416,6.823254
chili_sauce,6.3526707,8.3861475
chiltepin,6.886584,4.4334006
chinese_bayberry,2.181243,8.409559
chinese_broccoli,5.8419633,9.1092
chinese_celery,6.192276,8.941482
chinese_cured_pork,5.5088615,9.111647
chinese_preserved_olive,5.639151,9.094339
chinese_sausage,5.6471643,9.079991
chinese_toon,5.771791,9.080849
chinese_yam,3.6289852,9.011996
chipotle_pepper,6.6048613,4.322988
chirimen_jako,5.384832,7.8990135
chive,6.4336004,8.037766
chive_flower,5.884412,8.882469
chocolate,1.2630023,6.4963346
chocolate_hazelnut_spread,1.0789452,6.6045475
chocolate_liqueur,0.5647696,6.4176993
chokecherry,1.032842,6.2662573
choricero_pepper,6.618543,5.2460604
chorizo,6.5810966,4.7857203
choux_pastry,1.4809394,7.2883124
choy_sum,5.5511427,9.025359
chrysanthemum,3.2003772,8.916072
chu_hou_paste,6.429326,9.065104
chunjang,5.3834476,9.498786
chuno,7.285506,5.1182
chutney,5.428246,5.562017
ciabatta,4.8808055,4.554989
cicada,5.9808173,9.714326
cinnamon,1.6608689,5.632325
cipollini_onion,5.1926413,5.1826687
citric_acid,2.2942417,6.075826
citron,1.2455705,6.3238454
citrus,3.2377458,8.960271
clam,6.13565,7.5207677
clamato_juice,6.1561546,4.4447784
clay_pot_rice_sauce,5.3463745,9.746954
clear_gel,0.9880676,6.2330046
clementine,0.9093343,5.9435706
clotted_cream,1.8646317,6.342166
clove,1.8074869,5.5630426
clover,5.490826,9.1436205
club_soda,0.5692964,5.520823
cobia,7.232574,9.09317
cockle,6.165123,6.970527
cocktail_sauce,5.84118,4.2202334
cocoa_butter,1.8241525,7.1080413
cocoa_mass,1.7806469,7.0839343
cocoa_powder,1.4324902,6.527172
coconut,1.8457593,7.0024
coconut_aminos,4.9774837,6.2878714
coconut_cream,0.74012685,5.866622
coconut_liqueur,0.45982784,5.7820973
coconut_milk,2.6331148,7.3626046
coconut_oil,2.4482913,6.8476267
coconut_sugar,2.5916593,7.0965524
coconut_vinegar,1.5724946,7.266624
coconut_water,2.3737378,8.227762
cod,6.1395206,7.5053577
cod_liver,3.6874955,5.793182
coffee,1.2619475,6.481596
coffee_creamer,0.94973713,6.7723417
coffee_liqueur,0.6747652,6.3936143
cognac,0.85795754,5.387403
coix_seed,3.2010376,8.279388
cola,0.22348067,5.766327
colby_cheese,6.008284,4.024626
cold_jelly_noodle,5.331501,9.719505
collard_green,5.9342995,5.0749836
comte_cheese,5.1702547,4.5786753
conch,4.392927,9.218328
condensed_milk,1.5023379,6.6225147
consomme,4.893929,4.7083926
cookie,1.2444845,6.6020455
cookie_butter,0.94151574,6.801799
cooking_spray,5.842933,5.3826156
copha,1.0646038,6.7679725
cordyceps_flower,4.3178654,9.162628
coriander,6.6145163,6.905753
coriander_root,6.520414,8.962166
corn,6.4121995,6.5651045
corn_flakes,1.4443823,6.617489
corn_husk,6.7889156,4.1118636
corn_oil,2.3909986,7.7546988
corn_relish,5.826556,4.529422
corn_silk,3.448583,8.931767
corn_syrup,1.147109,6.503915
corn_tortilla,6.601751,4.12015
cornbread,6.2589636,4.0308437
corned_beef,5.916483,4.087548
cornelian_cherry,2.9877841,5.978261
cornmeal,5.8923674,6.044668
cornstarch,1.6795113,6.2917295
corvina,7.1516724,5.136756
cotija_cheese,6.800168,4.362078
cottage_cheese,2.2573302,6.110864
cotton_candy,2.4306777,7.664056
couscous,5.483684,5.6274037
crab,6.169362,7.4004593
crab_apple,1.3248203,5.636919
crab_boil_seasoning,6.0731645,4.6710935
crab_claw_fish,6.06001,9.774267
crab_mushroom,5.593524,8.858141
crab_roe,5.341176,8.779517
crab_stick,5.780326,7.9801297
cracker,1.6830142,6.500728
cranberry,1.0877365,5.6501203
cranberry_liqueur,0.5832785,6.0596614
cranberry_sauce,0.7393435,5.672989
crappie,5.983305,4.6946497
crayfish,6.226916,7.406904
cream,1.566812,6.12023
cream_cheese,1.0677949,6.722633
cream_liqueur,0.57154065,6.376355
cream_of_celery_soup,6.0309606,3.9821458
cream_of_chicken_soup,6.0734067,3.953283
cream_of_mushroom_soup,6.051898,3.9385262
cream_of_rice,6.2468777,3.9986796
cream_of_tartar,1.0121772,6.75232
cream_of_wheat,1.9069597,6.2301035
cream_soda,0.53814673,6.2024455
creme_anglaise,1.2890911,7.0694523
creme_de_cacao,0.63886875,6.4271855
creme_de_cassis,0.79490775,5.904119
creme_de_menthe,0.5266962,6.476507
creme_de_violette,0.13011,5.4713306
creme_fraiche,5.112478,5.6126633
creole_sauce,7.0939727,4.944906
creole_seasoning,6.135343,4.718003
crepe,1.3692032,6.8489933
crescent_roll,5.8268466,4.0361447
crispbread,3.6528714,5.728675
croissant,5.1547766,4.069682
crosnes,5.3027177,9.830589
crouton,5.6666174,4.8676076
crumb_crust,0.9160413,6.688054
crumpet,5.0393295,4.4630537
cubanelle_pepper,5.412475,4.6091065
cucumber,6.3732896,7.4870257
cudweed,4.9744153,8.933255
culantro,7.279456,8.847057
cumin,6.538421,6.6156864
curd,8.163726,6.5852113
cured_chicken,5.472509,9.79607
cured_duck,5.3791556,9.2595
cured_fish,5.9278316,9.155462
curing_salt,5.173628,6.8139753
curry,6.01003,6.109328
curry_leaf,8.074369,6.6612515
curry_paste,5.90005,8.697399
curry_powder,6.0168395,6.0090647
custard,1.40744,7.150369
custard_powder,1.7782071,7.378865
cynar,0.13269697,5.403035
dace,5.0788574,9.244831
daikon,6.0052023,8.425851
damson,1.2737553,6.2412777
dandelion,5.352486,5.9327707
dango,2.961756,8.02882
dark_soy_sauce,6.429038,8.6528845
dashi,5.490532,8.134086
date,1.6652687,5.8807135
daylily_flower,5.6711025,9.895745
deer_mushroom,5.011006,9.550644
demi_glace,5.212682,5.434657
denbu,5.411329,7.934123
dextrose,1.5535691,6.764747
digestive_biscuit,1.4799701,7.2642484
dijonnaise,5.5703354,4.3938084
dill,5.762428,5.887321
doenjang,5.6520586,9.79189
donburi_sauce,5.6325817,9.875978
dong_leaf,3.0757296,8.338657
donkey_meat,5.2992387,9.867329
dory,6.434405,9.6209545
doubanjiang,6.227096,8.713774
dough,2.0463698,6.8757873
dough_improver,2.1495314,7.079594
doughnut,1.0106043,6.770262
dragon_fruit,2.178406,7.9135485
dragon_whisker_vegetable,5.6424294,9.663356
drambuie,0.2546937,5.5512333
dried_ganba_mushroom,5.739873,9.935753
dried_lily_bud,5.867016,9.014174
dried_orchid_flower,5.6138835,9.841585
dried_oyster,5.14672,9.181284
dried_scallop,5.4464765,8.891045
dried_shrimp,5.8413815,8.723191
dried_tangerine_peel,3.5450711,8.919707
dried_tofu,5.887318,8.954909
dried_vegetable,5.557196,9.169987
dry_pot_sauce,5.944211,9.742442
dubonnet,0.24794361,5.3136053
duck,4.638841,8.5609045
duck_egg,5.910219,8.920822
duck_fat,4.68808,5.7326055
duck_sauce,5.3870854,5.0854454
duck_stock,5.2117763,6.9358544
dukkah,4.759174,5.3700514
dulce_de_leche,1.2033286,6.461288
dumpling,5.6095314,8.450101
dumpling_wrapper,5.749435,8.915944
durian,2.1471257,7.712093
earl_grey_tea,1.8186039,7.463716
edam_cheese,5.6004434,4.3490114
edamame,5.8912106,8.888714
edible_flower,2.327329,8.056423
edible_gold_leaf,1.2919046,7.1525626
eel,6.1984763,9.193226
egg,1.8160708,6.357618
egg_noodle,6.035198,4.0728874
egg_roll,5.6607075,7.1391854
egg_roll_wrapper,5.773698,4.028967
egg_substitute,2.5061429,6.5587645
egg_tofu,5.9491067,8.9852915
egg_white,1.673079,6.3298635
egg_yolk,1.6559736,6.2265334
eggnog,0.7434933,6.503281
eggplant,6.050024,6.345217
einkorn,2.9578376,5.4891715
elderberry,0.9783605,6.2799788
elderflower,0.42406037,5.6141677
elderflower_liqueur,0.2504634,5.704293
emmental_cheese,5.212629,4.501373
empanada_shell,6.600425,4.462653
enchilada_sauce,6.545252,4.08178
endive,5.2690578,5.9395785
english_muffin,5.494725,4.1657095
enoki_mushroom,5.994232,8.684223
epazote,6.8359704,4.2864547
epiphyllum_flower,4.212472,9.174573
er_cai,5.7304034,9.486638
erythritol,2.1587749,7.4639134
escarole,5.42386,5.0570183
espelette_pepper,5.2645264,5.6712537
evaporated_milk,1.672789,6.945064
ezine_cheese,3.285541,5.25857
fajita_seasoning,6.555529,4.1680136
falafel,4.5255117,5.5748134
falernum,0.113270074,5.3904414
farina,1.9015571,6.232281
farmer_cheese,5.283649,4.3029037
farro,4.792281,5.6501365
fava_bean,6.050659,7.772938
feijoa,2.1005492,6.132362
fennel,5.630672,5.979904
fennel_pollen,5.2628727,5.3215475
fennel_seed,6.16465,6.925069
fenugreek_leaf,8.102968,6.5050755
fenugreek_seed,7.9990473,6.6621976
fermentation_starter_cake,3.01834,7.841349
fermented_black_bean,6.343312,8.857398
fermented_chive_flower_paste,5.5028505,9.802002
fermented_fish,7.2508373,9.021127
fermented_glutinous_rice,3.7489839,9.028654
fermented_tofu,6.506471,8.935164
fermented_vegetable_brine,5.9856696,9.744854
fern,6.0827065,9.49198
feta_cheese,5.27122,5.502123
fiddlehead_fern,5.8968487,9.232042
fideo,6.679976,5.235256
fig,1.5860556,5.788195
file_powder,6.0954895,4.77584
filefish,5.892355,9.835295
fines_herbes,5.3652,5.27504
fish,6.213019,7.6093173
fish_ball,5.9588685,8.819359
fish_cake,5.93802,8.46267
fish_floss,4.994479,8.512023
fish_maw,4.2701907,9.133229
fish_mint,6.0000877,9.035065
fish_noodle,5.6379166,9.496595
fish_oil,7.0879354,8.268442
fish_paste,5.406471,8.987545
fish_roe,5.7116785,8.231767
fish_sauce,6.6945443,8.289681
fish_sausage,5.318145,8.823583
fish_skin,5.5077276,9.445192
fish_stock,6.0385165,6.786155
fish_tofu,5.812453,8.984812
five_grain_powder,3.011881,8.06342
five_spice_powder,6.1639585,8.728006
five_willow_vegetable,6.4915733,9.372908
flageolet_bean,5.0716414,5.058154
flatbread,4.95819,7.8600607
flattened_young_rice,8.065318,6.5342216
flaxseed,2.5368524,6.7985115
flaxseed_oil,4.7918468,8.237347
flounder,6.063885,7.036169
flour,1.8203666,6.371179
flour_tortilla,6.4583507,4.0992703
foie_gras,4.7821956,8.37296
fondant,1.1518514,7.0864105
fontina_cheese,5.070901,4.5166864
food_coloring,0.8679697,6.8104153
fox_nut,3.5201957,8.865581
frangipane,1.0816183,6.1994767
freekeh,4.458083,5.5058107
french_dressing,5.962166,4.061455
fresno_pepper,6.397687,5.3249736
fried_bread,6.7171125,4.2107344
fried_dough_twist,5.7865577,9.828024
fried_gluten_ball,5.394841,9.312921
fried_puffed_cracker,7.2625084,9.007211
fried_tofu_puff,6.0465994,8.595105
frisee,4.9765186,5.5969586
frog_leg,6.3456817,9.3395195
fromage_blanc,1.9903876,5.760643
frosting,1.0713595,6.7687955
frozen_yogurt,0.85002244,6.656517
fructose,2.0731575,7.99482
fruit,1.5733268,6.640273
fruit_cocktail,0.9405312,6.5000906
fruit_juice,0.60799825,5.748042
fruit_preserves,1.0053474,6.793535
fruit_puree,1.5898529,7.033299
fruit_tea,1.9314436,8.010467
fruit_vinegar,5.52918,8.333105
fruitcake,1.3260369,6.692427
fry_sauce,5.759398,7.5433903
fudge,0.7738042,6.716711
furikake,5.267432,8.231688
fuzzy_melon,4.8773165,9.215329
gac_fruit,2.7847717,8.3727665
galangal,7.3757195,8.095433
galette,1.6114829,5.9808927
galliano,0.22952898,5.6451793
game_meat,5.4333467,5.2592993
game_stock,5.110192,5.3182387
gammon,5.338706,4.559553
ganache,1.0362573,6.9398794
garam_masala,7.7283463,7.5937786
gardenia_flower,3.4056566,9.047067
gardenia_fruit,3.96564,8.873306
garland_chrysanthemum,5.7141337,8.605617
garlic,6.551493,6.946745
garlic_chive,6.0492907,8.733084
garlic_scape,6.2271256,8.839037
gelatin,1.2071667,5.9766455
geoduck,5.2396855,9.129008
geranium,1.2148843,6.0631785
ghee,7.8278685,6.6113324
ghost_pepper,5.7778354,9.966111
giardiniera,5.2176394,4.389037
gin,0.5540239,5.442849
ginger,6.4607573,8.375674
ginger_ale,0.56311715,5.6235547
ginger_beer,0.2977454,5.490822
ginger_liqueur,0.22860122,5.4190407
ginger_wine,5.0468287,9.324291
gingerbread,0.71013415,6.498766
gingerbread_spice,0.86638457,6.644245
gingersnap,0.7832491,6.542176
ginkgo_nut,4.684904,9.169643
glass_noodle,6.1289825,8.708329
gloucester_cheese,5.740755,4.4450784
glucose_syrup,1.592856,7.4072623
gluten_free_flour,2.3848186,6.502251
glutinous_rice,3.25026,8.347383
glutinous_rice_flour,2.9185324,8.084268
glycerin,1.6648746,6.994761
gnocchi,4.9027753,4.769781
goat,7.480131,7.5031075
goat_cheese,5.3143134,5.269069
goat_milk,2.5410657,7.4998775
gochugaru,5.599175,8.200569
gochujang,5.894192,8.386104
goda_masala,8.177606,6.5543704
goji_berry,3.484531,8.950278
golden_ear_mushroom,3.023699,8.787879
golden_syrup,1.4102678,6.667641
goldschlager,0.2353723,5.7122293
goose,4.7365646,8.449084
goose_egg,5.2215557,9.439132
goose_fat,5.4845204,9.159691
gooseberry,1.2753141,6.0061545
gorgonzola_cheese,4.8347893,4.84633
gouda_cheese,5.6160192,5.0675344
gourami,7.794259,7.944457
graham_cracker,0.8995621,6.6786056
graham_flour,1.480261,6.3593516
grains_of_paradise,4.2254953,4.795991
grana_padano,4.7314363,4.907505
grand_marnier,0.7052372,5.916806
grape,1.0201664,5.713465
grape_leaf,3.776057,5.704679
grape_must,2.9815109,5.43687
grapefruit,1.0685539,5.580284
grapeseed_oil,5.1490636,5.9789753
grappa,0.5449959,5.957076
grass_jelly,2.4413383,8.315848
grasshopper,0.71874344,6.661714
gravy,5.0868363,5.2094812
greek_seasoning,6.109665,4.1002893
green_bean,6.425715,6.5424366
green_chili,6.7737546,6.9782662
green_curry_paste,6.95972,8.256486
green_fish,5.9830585,9.741237
green_olive,5.954327,5.6247773
green_peppercorn,5.3788066,6.819176
green_sichuan_peppercorn,6.2470636,9.507865
green_tea,2.1738374,8.221269
green_tomato,7.8195376,7.9433513
gremolata,5.129913,4.8205357
grenadine,0.43117917,5.5704536
grissini,4.7412367,4.9919896
grits,5.916628,5.118345
ground_ivy,5.616433,9.580352
grouper,6.014186,6.8398485
grouse,5.379622,4.9310513
gruyere_cheese,5.321339,4.6963243
guacamole,6.5082073,4.1423416
guajillo_chile,6.8379188,4.322307
guar_gum,2.3857884,6.8595657
guascas,6.288456,4.4944167
guava,0.8406049,5.5148563
guava_paste,5.925913,4.8146896
guinea_hen,4.715944,5.248743
guizhou_sour_soup,6.2305303,9.554508
gulai_seasoning,7.8680835,7.963641
gulas,5.106215,5.040852
gullac,1.9716514,6.139769
gum_paste,1.2079711,7.0832644
gypsum,5.0774603,8.693234
habanero_pepper,6.598703,4.545177
haddock,6.117494,4.8842235
hair_vegetable,4.712302,9.248112
hairtail,6.1518297,9.194829
hake,6.503478,5.5596333
halibut,6.3922787,5.4196367
halloumi,4.210254,5.449996
halva,1.9360118,6.527981
ham,6.3237143,5.8624225
hanpen,5.4617,7.936634
hard_cider,4.0307794,5.9435625
harissa,4.637697,5.606897
hatch_chile,6.347803,4.3849382
havarti_cheese,5.3987565,4.2223363
hawthorn,3.1213748,8.890992
hazelnut,1.8662616,5.8602996
hazelnut_liqueur,0.66627187,6.42904
hazelnut_oil,4.6584015,5.4917717
hearts_of_palm,5.8355913,5.4424477
hemp_oil,4.557407,7.1227345
hemp_seed,2.6090243,7.017944
herb,5.5715466,6.0405083
herbal_tea,1.860313,8.044903
herbes_de_provence,5.1196914,6.2899094
herbsaint,0.5981977,5.253138
herring,3.5956514,5.845628
hibiscus,2.0856895,8.1681595
hickory_nut,1.5039111,6.927645
hijiki,5.4621506,7.9226007
hog_plum,7.2423577,8.915096
hogao,6.7720165,4.6242967
hoisin_sauce,6.347911,8.553905
hokkien_noodle,5.78051,7.600472
hollandaise_sauce,5.481307,4.6951103
hominy,6.6703043,4.2089844
honey,1.4696141,5.6729198
honey_citron_tea,2.1201344,8.164388
honey_mushroom,3.653767,5.796563
honey_mustard,5.4184513,4.269971
honeycomb,1.1450909,6.537816
honeydew_melon,1.0810434,5.66723
honeysuckle_flower,3.3209615,8.973381
hop,2.3780673,6.7924953
horse_gram,8.213854,6.5176783
horse_head_fish,6.214552,9.708615
horse_mackerel,5.6940055,9.612732
horse_meat,5.623827,9.537712
horseradish,6.0468955,5.55773
hot_and_sour_sauce,6.0246735,9.498877
hot_dog,6.2323947,5.247941
hot_pot_base,6.1944823,8.90961
hot_sauce,6.1107154,5.1522717
hpnotiq,0.26349995,5.7381544
huacatay,7.2642865,5.084387
huckleberry,1.4651005,6.3299327
huitlacoche,6.9349947,4.3952723
hummus,5.13503,5.278531
hunan_chopped_chili,6.034489,9.726163
hyacinth_bean,3.5577362,8.835501
iberico_ham,4.5374565,4.8456373
ice,0.8305254,5.6449404
ice_cream,0.9443097,6.2179103
ice_cream_cone,1.0984594,6.939597
ice_jelly,2.3536837,8.385136
ice_plant,4.905051,8.305979
idli,8.24599,6.4944506
indian_gooseberry,8.206901,6.576276
inulin,1.8427341,6.99322
irish_cream,0.6113149,6.5217657
isomalt,1.6471252,7.1939654
isot_pepper,3.8915281,5.482575
italian_dressing,5.7430406,4.4280334
italian_sausage,5.4036975,4.906127
italian_seasoning,5.5538025,4.437972
jackfruit,2.3907268,8.325684
jackfruit_seed,8.148812,6.6501546
jagermeister,0.21600989,5.72746
jaggery,8.135734,6.600341
jalapeno,6.186466,5.4005084
jam,1.6362659,6.2787576
jarlsberg_cheese,5.3064423,4.3046
jasmine_flower,2.609224,8.522723
jasmine_tea,2.1414323,8.304335
jellyfish,6.14129,8.906473
jerk_seasoning,6.5076885,4.85094
jerusalem_artichoke,5.2197647,5.992169
jicama,6.3340416,5.324159
jinhua_ham,4.906661,9.182761
jobs_tears,3.5509803,8.866297
juniper_berry,4.685771,5.6568503
junket,1.2080418,6.902533
kabanos,4.979062,4.956976
kadaifi,2.7260234,5.565113
kaffir_lime,7.6441545,7.9988365
kaffir_lime_leaf,7.5426364,7.967666
kale,5.5350633,5.5115128
kangaroo,6.108317,4.5798182
kapok_flower,3.4164622,8.979422
kashkaval_cheese,3.3510644,5.2122293
kashmiri_chili,8.1407585,6.499213
kasseri_cheese,3.330297,5.2290697
kaya,1.6469345,7.0175314
kaymak,2.7906678,5.5141683
kefalotyri,4.2689066,4.8564396
kefir,2.4510026,6.0398707
kelp,5.768029,8.643948
kencur,7.809788,7.937864
ketchup,6.2822876,5.772523
khmeli_suneli,3.624931,5.8221755
khoya,8.133859,6.592693
kidney,6.5627446,4.2338724
kidney_bean,6.460812,4.8212147
kielbasa,5.8261824,4.855244
kimchi,5.8376894,8.444985
kinako,2.7135026,7.9530935
king_oyster_mushroom,5.931144,8.72574
kirschwasser,0.666665,5.5089965
kissel,1.9941022,6.241316
kiwi,1.2625964,6.0830817
kluwek,7.843313,7.913878
kohlrabi,5.9099755,9.194426
koji,5.4854755,8.050832
kokum,8.154806,6.6000957
komatsuna,5.44605,8.067979
kombu,5.5866385,8.235565
kombucha,1.8010633,8.08904
konjac,5.894437,8.913447
korean_bbq_sauce,5.8105536,9.483901
korean_rice_wine,5.4229984,9.339068
krill,5.4054236,8.910707
kudzu_root,3.5740752,8.924776
kumquat,2.419381,8.454884
kvass,3.0202425,5.879892
la_cam_leaf,2.5510764,8.338594
la_giang_leaf,7.223452,9.069122
labneh,3.1304362,5.329637
lacon,6.675707,5.2211623
ladyfinger,1.109123,6.9405603
laksa_paste,7.1541452,8.21341
lamb,6.388681,6.675201
lambs_quarters,6.0279512,9.899755
langoustine,6.1045446,7.04811
lard,6.456997,8.062862
lavender,1.1362103,5.9266367
lecithin,2.3924184,6.7873073
leek,6.4711485,8.113126
lemon,1.2366283,5.4626904
lemon_balm,0.7435102,5.8534174
lemon_leaf,0.9900115,6.300417
lemon_pepper,5.904731,4.8898687
lemon_verbena,1.0462586,5.9604473
lemongrass,7.334933,8.131682
lentil,5.34267,6.001763
lettuce,6.413484,6.578844
liangpi,5.3907,9.7265625
licorice_root,3.4591045,8.969642
light_soy_sauce,6.3337593,8.552047
lillet,0.22316127,5.4582167
lily_bulb,3.4825823,8.923928
lima_bean,6.0676913,5.168927
lime,1.1652553,5.3460326
limewater,7.159571,7.6529922
limoncello,0.38764194,5.688533
lingonberry,2.1909883,5.9835815
linguica,6.140542,4.8625255
lions_mane_mushroom,4.3836827,9.193243
liqueur,0.80661315,5.568866
liquid_smoke,6.0283046,4.747418
liquor,0.66758287,5.8174605
litsea_cubeba,6.3067093,9.542764
liver,4.8057246,5.624819
loach,6.0213246,9.389081
lobster,6.1154923,7.0902343
loganberry,0.5945697,6.12602
long_pepper,6.2288146,9.404194
longan,3.3680604,8.839704
longaniza,6.9604115,4.3554993
loquat,2.7099195,8.629385
loquat_leaf,3.289933,9.014385
lotus_flower,3.5449758,8.854881
lotus_leaf,4.3898764,9.043097
lotus_root,6.11927,8.63686
lotus_seed,3.3246803,8.833458
lovage,3.8544488,5.5935607
lucuma,1.8670918,7.001239
luffa,5.602376,8.689187
luncheon_meat,5.7778206,8.789621
lychee,2.1985123,8.375143
lye_water,2.9734054,8.112822
mac_khen,6.945645,8.966576
mac_mat_fruit,7.0254416,8.98668
maca,2.3855653,7.0481334
macadamia_nut,1.7809063,7.3656654
mace,1.9582086,5.4784737
mache,4.716841,5.3462095
mackerel,6.2706738,8.101763
madeira_wine,4.764608,5.332022
maggi_seasoning,6.2610507,8.870814
mahi_mahi,6.3633146,5.291607
mahleb,2.9771166,5.4182596
maitake_mushroom,5.4498496,8.401538
mala_sauce,6.2078485,9.172283
malabar_spinach,6.7431946,9.105645
malanga,6.8717003,4.807369
mallow,5.5169063,9.595579
malt,2.3418965,7.883012
malt_vinegar,5.3698545,5.291377
maltose,2.4342408,7.9844165
manchego_cheese,6.5770764,4.59336
mandarin_fish,6.040218,9.483623
mango,1.1611116,5.5634265
mangosteen,2.1990173,8.339686
mantis_shrimp,6.0636635,9.321246
maple_syrup,1.6148373,5.6828113
mapo_tofu_sauce,5.854855,9.761285
maraschino_cherry,0.5754405,5.623385
maraschino_liqueur,0.19606787,5.4339695
margarine,1.1948853,6.718419
marinara_sauce,5.2413263,4.403479
marjoram,5.5851035,5.565602
marlin,5.994013,4.8530645
marmite,5.776691,4.363368
marsala_wine,5.0871534,5.47153
marshmallow,0.924164,6.705279
marzipan,1.2371681,6.9452453
masa_harina,6.583161,4.94216
mascarpone_cheese,1.1615766,6.3630137
masoor_dal,8.182269,6.5777326
mastic,1.7185441,6.3215046
matambre,4.7715755,4.6843076
matcha_powder,2.2244358,7.6264677
matsoni,3.576433,5.774633
matsutake_mushroom,4.8599977,9.200014
matzo,1.7713649,5.5332007
mayonnaise,6.1333995,5.8210278
mead,0.46020922,5.272254
meat,6.430605,7.9740124
meat_extract,4.9984384,4.4956746
meat_floss,2.80823,7.9408092
meat_stock,6.757846,5.269599
meat_tenderizer,6.330943,9.410149
mei_kuei_lu_wine,6.6335073,9.043669
melinjo,7.840064,7.9307294
melon,1.0164464,5.643281
melon_liqueur,0.26181638,5.8054996
melon_seed,2.5331776,7.470756
mentaiko,5.388254,8.192197
mentsuyu,5.4771857,8.017666
merguez,5.27296,4.9914446
meringue,1.3357333,7.190702
mesquite,6.4930716,4.5622344
metaxa,5.99254,5.492777
mettwurst,4.9650455,5.6266036
mezcal,0.19328068,5.400782
microgreen,4.7595387,5.465487
miiuy_croaker,5.8690763,9.887625
milk,1.6652497,6.3682837
milk_bread,3.5077932,5.1690235
milk_chocolate,1.214099,6.5020432
milk_tea,2.2283604,8.154992
milk_tofu,2.4461129,7.9690776
milkfish,7.7856007,7.914844
millet,3.342523,8.547656
milo,1.368606,6.9247756
milt,3.9093478,5.9348235
mincemeat,1.1829473,6.782691
mint,1.2663779,5.431511
mirasol_chile,7.2576995,5.0719204
mirepoix,5.8789105,5.171101
mirin,5.6757097,8.022379
miso,5.74258,8.217063
mitsuba,5.4272046,8.134741
mixed_grains,4.8995013,8.347033
mixed_herbs,5.6608286,5.60595
mixed_seeds,2.4639907,6.6878533
mixed_sprouts,5.2074914,5.8487973
mixed_vegetable,6.314699,8.61018
mizuame,0.8226241,6.7176685
mizuna,5.4911633,7.745411
mocha,0.9393312,6.7720327
mochi,2.2901466,7.7694073
mojo,6.8121543,4.5054946
molasses,1.9422679,5.866039
mole,6.8774605,4.2955503
monk_fruit,3.2108448,8.947024
monkfish,5.889893,6.663755
montasio_cheese,4.7235484,4.632031
monterey_jack_cheese,6.2764425,4.0532207
montreal_steak_seasoning,6.2619276,4.4808564
mopping_sauce,5.896457,4.729749
morel_mushroom,4.9342713,6.457391
moringa,8.1226425,6.673162
mortadella,5.1558647,4.330082
moscatel_wine,0.8996712,6.028215
mountain_pepper,6.2757754,9.71927
mozzarella_cheese,5.896637,5.448181
msg,6.4310203,8.343083
mudfish,5.6860037,9.660187
mudskipper,7.1149774,9.141074
muenster_cheese,5.533892,4.0639005
muffin,5.2795057,4.0618906
mugwort,3.3345585,8.357676
mulato_chile,6.915891,4.29424
mulberry,2.7138286,8.613516
mulberry_leaf,3.571091,8.601346
mullet,5.95099,6.6822295
mulling_spice,0.24510974,5.851117
mung_bean,3.3192153,8.499595
mung_bean_jelly,4.9158297,9.274957
mung_bean_paste,2.5428307,7.843936
mung_bean_starch,5.2331467,9.58085
muscovado_sugar,1.4943681,6.6318827
mushroom,6.012524,5.979842
mushroom_soy_sauce,5.615392,7.5589414
mushroom_stock,5.113527,5.4753437
mussel,6.1155167,7.0053616
mustard,5.9666195,5.7216454
mustard_green,6.117321,8.9202175
mustard_oil,8.202135,6.5410943
mustard_root,5.610796,9.951658
mustard_seed,8.026921,6.640692
mutton,7.689456,7.6297917
myoga,5.1006923,9.555274
myzithra_cheese,4.568969,4.785368
naan,7.536781,6.0752535
nameko_mushroom,5.3283544,9.221836
nanohana,5.4206104,7.928974
napa_cabbage,5.797742,8.711607
narsharab,3.641107,5.723576
nasturtium,4.404055,5.9506674
natto,5.310055,8.23825
navy_bean,5.664055,4.5802884
nduja,5.07356,4.7284117
nectar,1.3302004,6.1510386
nectarine,1.038874,5.8813133
needlefish,5.8961315,9.936175
nerikiri,2.7861605,7.5774083
nettle,3.6351643,5.7525215
neufchatel_cheese,5.220447,3.9676104
new_mexico_chile,6.7565813,4.3024764
nigari,5.1243563,8.355824
nigella_seed,3.293582,5.21681
noodle,6.069922,8.404253
nopal,6.874575,4.294224
nora_chile,6.5414104,5.323026
nori,5.732658,8.319977
nougat,1.105084,6.8329577
nut,1.471182,6.0299163
nut_butter,2.438681,6.9637537
nut_oil,2.909193,6.8598633
nutmeg,1.7781427,5.6957593
nutritional_yeast,5.0105777,6.21529
oat,2.3486655,6.6593394
oat_milk,2.4464562,7.078041
oaxaca_cheese,6.8625736,4.271128
octopus,5.8105907,8.42274
offal,6.4877267,9.10439
oil,6.482126,8.031559
okara_powder,4.9149265,8.632873
okonomiyaki_sauce,5.464981,7.968023
okra,6.6528034,8.567887
olive,5.90814,5.6399097
olive_oil,6.049892,5.8755026
olluco,7.2280216,5.0739822
onion,6.2798567,6.0619063
oolong_tea,2.278768,8.361032
orange,1.1495209,5.5573783
orange_blossom_water,1.5678904,5.900869
orange_liqueur,0.42863792,5.5352573
orange_roughy,5.821883,4.7702813
oregano,6.184652,5.748037
orgeat,0.07037587,5.395196
orris_root,1.4166083,6.1780276
osmanthus_flower,2.7121356,8.609088
osmanthus_wine,3.0241282,8.332022
ouzo,0.21358383,5.8245378
oyster,6.118209,7.4649453
oyster_mushroom,5.870463,8.852741
oyster_sauce,6.3625784,8.519573
pacific_saury,5.856519,8.431013
padron_pepper,5.798454,5.1871047
paederia_foetida,3.3047676,8.343929
pagoda_tree_flower,5.110558,8.949304
palm_oil,3.134188,6.9129333
palm_seed,2.240095,8.262658
palm_sugar,7.672399,7.9406967
pan_drippings,5.530921,5.0744114
panang_curry_paste,5.877892,7.545255
pancake,2.2994397,6.336903
pancetta,5.2153006,5.1998105
panch_phoran,8.179148,6.54888
pandan_leaf,2.5067124,8.372208
paneer,8.081917,6.5125227
panela_cheese,6.909372,4.262897
panettone,0.6551331,6.21605
pangasius,3.747075,5.848526
papad,7.777421,6.2750797
papaya,2.5512965,8.455603
papaya_leaf,7.827587,7.9137263
paprika,6.193532,5.7039595
paratha,3.4376423,7.584954
parmesan_cheese,5.9139643,5.864953
parsley,5.9656157,5.844873
parsley_root,4.6171384,5.262671
parsnip,5.4101486,5.691755
partridge,4.3053703,9.208524
pasilla_chile,6.898268,4.253158
passion_fruit,1.0431732,5.6207647
pasta,6.020315,5.8736534
pasta_sauce,5.4307866,4.3407836
pastila,1.9862884,6.225434
pastis,0.7639682,5.191155
pastrami,3.5340881,5.1931777
pastry,1.9385839,6.3154693
pate,3.708015,5.790636
pea,6.2028556,6.3887706
pea_shoot,5.4605865,8.595658
peach,1.1074085,5.7147317
peach_gum,2.8739803,8.739703
peanut,6.42249,8.153583
peanut_butter,1.3031282,6.5079417
peanut_oil,6.391338,8.364606
peanut_sauce,6.97998,8.440725
pear,1.3368881,5.5921016
pearl_mushroom,5.1988454,9.390307
pecan,1.457831,6.2553077
pecorino_cheese,4.948722,4.8461094
pectin,0.96907294,6.0762053
pennywort,7.2316265,8.942506
peperomia_pellucida,7.1562343,8.808815
pepino_melon,3.5987804,8.6452055
peppadew_pepper,5.3926024,5.0584993
pepper_jelly,5.944834,4.856936
peppercorn_sauce,4.8418713,4.741243
peppermint,1.0190182,6.66876
pepperoncini,5.456684,4.504739
pepperoni,5.3861403,4.289196
perch,7.294927,8.992183
perilla,5.825284,8.324283
perilla_oil,5.4283395,8.786349
periwinkle,5.9864564,9.640242
persimmon,1.5313883,5.6916757
pesto,5.284236,5.061964
petai_bean,7.7660356,7.921877
petis,7.826965,7.9278173
pheasant,5.3861823,5.1438484
phyllo_dough,3.12142,5.24993
picada,7.288999,5.06706
pickapeppa_sauce,6.191738,4.6499796
pickle_juice,5.880384,4.2543616
pickle_relish,5.888703,4.1253643
pickled_cucumber,6.082625,5.700736
pickled_ginger,6.383133,9.298188
pickled_mustard_green,6.1974688,8.98941
pickled_onion,4.5864143,5.486078
pickled_radish,5.9412265,8.906864
pickled_sakura_blossom,2.0745368,7.944766
pickled_vegetable,6.000784,9.103502
pickling_spice,5.830088,4.5917196
pie_crust,1.1172011,6.577753
pie_filling,1.0042535,6.782102
pigeon,4.2932663,9.148631
pigeon_egg,4.699316,9.217832
pigeon_pea,6.768517,4.7505703
pike,5.6548343,6.354884
piloncillo,1.9751563,5.4225183
pimento,5.8896174,4.230518
pina_colada_mix,0.46006247,6.1543756
pine_nut,4.570632,5.6080217
pine_pollen,3.2275379,8.286228
pineapple,0.9609585,5.6517386
pink_pepper,3.9235268,5.960708
pink_sauce,4.9958267,4.9889836
pinto_bean,6.586289,4.3644314
pionono,2.628253,5.9884057
piquante_sauce,6.3480005,4.162095
piquillo_pepper,5.1689963,5.036549
piri_piri,5.7598653,4.556442
pisco,0.18814838,5.3610516
pistachio,1.5133483,5.9001617
pistachio_oil,4.3767643,5.490366
pita_bread,5.4172797,5.0623207
pizza_crust,5.5571666,4.178178
pizza_sauce,5.5594463,4.1778846
plant_based_cheese,5.1053567,6.1172447
plant_based_cream,1.5265405,6.18288
plant_based_ham,5.459613,9.276525
plant_based_milk,2.5245767,6.910522
plantain,6.8574057,4.549221
plum,1.49692,5.8776517
plum_sauce,6.2314243,8.531824
plum_wine,4.917073,9.159949
pluot,1.0653685,6.1987386
poblano_pepper,6.658891,4.4328055
pokeweed,6.075413,4.9633265
polenta,5.3855023,4.828786
pollock,5.341389,7.373548
pomegranate,1.2720718,5.611737
pomegranate_molasses,4.1648836,5.60902
pomelo,2.3934572,8.428717
pomfret,6.166025,9.287448
pompano,6.451885,5.5750995
ponzu,5.5139847,7.8701587
poolish,2.1355612,7.001164
poppy_seed,2.3454154,6.2720766
porcini_mushroom,4.9354124,5.628488
pork,6.330698,8.08769
pork_stock,5.81513,9.381116
port_wine,0.9303598,5.158242
portobello_mushroom,5.3085594,4.9886255
potato,6.284657,6.2200556
poultry_seasoning,5.603173,4.6212516
praline,0.95546955,6.74817
preserved_cabbage,5.5387664,9.550053
preserved_lemon,4.7476473,6.5577936
preserved_plum,2.9514356,8.769805
pretzel,1.0330238,6.692263
prickly_pear,2.6653266,7.724734
prosciutto,5.2403045,4.6591306
prosecco,0.27688965,5.5622196
provolone_cheese,5.2813478,4.374223
prune,1.9488049,5.965043
psyllium_husk,2.2620006,7.284798
pu_erh_tea,2.5785308,8.541448
pudding,0.99775136,6.9124165
puff_pastry,1.9542669,6.395208
puffer_fish,5.9017124,9.876931
pumpkin,1.8044924,6.5081563
pumpkin_leaf,5.0369215,8.795624
pumpkin_pie_spice,1.1714598,6.6852317
pumpkin_seed,2.6159348,6.7050147
pumpkin_seed_oil,4.407888,5.8200617
punch,1.3111235,7.121265
purple_gynura,5.7646546,9.663905
purple_sweet_potato,2.4165313,7.779075
purple_yam,3.8462205,8.679574
purslane,3.4119344,5.407674
puzi_leaf,3.50081,8.483086
qingbu_liang,4.3195186,9.299509
qingjiang_fish,6.0934796,9.587104
qingtou_mushroom,5.220951,9.566797
quail,4.9862485,6.3235636
quail_egg,5.765479,8.757836
quark,1.1818689,6.1869884
queso_anejo,6.891618,4.2870502
queso_blanco,6.7824974,4.267214
queso_fresco,6.8581085,4.422957
quince,2.3557122,5.7795634
quince_paste,2.4149625,5.69589
quinoa,4.7828407,6.276151
quorn,6.059126,4.559125
rabbit,5.585692,6.2911105
raclette_cheese,4.878434,4.737677
radicchio,4.997702,5.3495955
radish,6.1816063,8.176302
radish_cake,5.4424853,8.8502445
ragi,8.176734,6.549396
raisin,1.6305225,5.795923
raita,7.745389,6.247647
rakkyo,5.9899044,9.717688
rambutan,1.6201575,7.813606
ramen_noodle,5.7714972,8.220516
ramp,5.2972875,4.866732
ranch_dressing,5.917218,4.128454
rapeseed,5.326719,9.154315
ras_el_hanout,4.513758,5.6966267
raspberry,1.087107,5.723821
ravioli,5.0438824,4.548901
ray,7.8183465,7.951988
razor_clam,5.9433436,9.14289
red_bean,3.1934104,8.441707
red_bean_paste,2.5739515,7.923251
red_currant,1.9913211,5.7131963
red_curry_paste,7.246911,8.169138
red_date,3.411389,8.851331
red_drum,6.0270095,4.6514506
red_hots,0.7441878,6.713068
red_leicester_cheese,5.1272173,4.3963113
red_onion,6.1354938,5.7126846
red_pepper,5.9827304,5.6348763
red_rice,3.5421002,8.645627
red_snapper,6.1820493,5.4141607
red_wine,5.6885734,5.8205566
red_wine_vinegar,5.873834,5.630992
red_yeast,2.5300262,7.876807
reed_leaf,4.3806243,8.815717
refried_beans,6.636234,4.136625
remoulade_sauce,5.9661245,4.6751566
rhubarb,1.0697793,5.948434
rice,6.360321,7.0475783
rice_bran_oil,5.3803186,8.436453
rice_cake,6.011533,8.653379
rice_milk,2.4747787,6.7623096
rice_noodle,6.5234103,8.85383
rice_paddy_herb,7.216452,9.020435
rice_paper,7.1302667,8.8553095
rice_tofu,5.8974223,9.702162
rice_vinegar,6.098793,8.179473
rice_wine,6.296701,8.443613
ricotta_cheese,2.569326,5.3438077
ricotta_salata,4.8036366,4.970873
robiola_cheese,4.717201,4.7750063
rock_sugar,3.3636265,8.946508
rock_tripe,5.7415056,9.808928
rockfish,6.0692596,5.1541843
rocoto_pepper,7.293898,5.1005564
romanesco,4.924685,6.5388484
romano_cheese,5.1647353,4.4581757
romesco_sauce,6.5279956,5.2952766
rompope,1.3385623,6.811625
rooibos_tea,1.7427902,6.9767385
root_beer,0.45488125,6.2501764
roquefort_cheese,4.6890445,4.9539313
rose_syrup,1.6789403,7.530471
rose_wine,0.41059852,5.5703864
rosehip,1.7420218,7.4182825
rosemary,5.746044,5.834152
rosewater,2.4018462,8.0124235
roti,3.4065642,7.562672
rouille,5.604684,5.4849386
roux,6.0332355,4.783624
rowan_berry,2.3756654,5.947483
royal_icing,1.1636114,7.023122
rum,0.7544353,5.574897
rusk,1.0832877,6.5270104
rutabaga,6.151483,4.755689
ryazhenka,2.3737373,6.16501
rye,2.4405253,6.735896
rye_bread,5.6362944,4.2323146
sachima,1.8406936,7.37388
safflower,4.8473315,6.363156
safflower_oil,4.9030805,6.0085316
saffron,5.960238,6.1912646
sage,5.5546594,5.6032853
sago,2.3730578,8.265468
sake,5.6700816,8.076841
salad_cream,5.5319166,4.3407483
salad_dressing,5.980158,4.015007
salad_greens,5.3164835,5.7428083
salam_leaf,7.777167,7.9059916
salami,5.188497,4.563679
salep,2.1102014,6.0890174
salmon,6.0719604,7.3909464
salmon_roe,5.1924233,7.5984282
salsa,6.5447993,4.128589
salsa_verde,6.581993,4.0762463
salsify,4.91294,5.5051975
salt,6.5400667,7.5286136
salt_cod,5.308922,5.29158
salt_pork,5.571077,8.990777
salted_duck_egg,3.298353,8.271246
sambal,7.825718,7.919014
sambal_oelek,7.0593185,8.2197
sambar_powder,8.19335,6.583739
sambuca,0.26556137,5.7561193
sand_ginger,6.3833647,9.086532
sand_worm,4.181258,9.249189
sangria,0.35253435,5.778383
sansho_pepper,5.5531945,7.9077477
sanzi,5.2132487,9.660604
sardine,5.957703,6.8760967
saskatoon_berry,1.572282,6.2360444
sau_fruit,7.2536774,9.079497
sauerkraut,5.6839232,5.425963
sausage,6.428809,6.210606
sauternes,5.5998383,4.8572054
savory,4.2122393,5.4785933
sazon,6.774369,4.610532
scad,7.1047654,8.986486
scallion,6.438177,8.265991
scallion_oil,5.717058,9.161004
scallop,6.1283193,7.457517
scamorza,5.0327964,4.635441
schisandra_berry,3.3329103,8.978227
schnapps,0.28542843,5.7556906
scotch_bonnet_pepper,6.712853,4.901674
sea_bass,6.266647,8.00591
sea_bream,6.077996,9.729488
sea_buckthorn,2.1262455,6.247763
sea_coconut,3.7187524,9.063273
sea_cucumber,4.63901,9.155243
sea_grape,5.587467,9.601328
sea_hare,5.83578,9.70732
sea_lettuce,5.6886373,9.865668
sea_moss,5.324463,9.114055
sea_snail,5.404783,9.26808
sea_urchin,5.377072,9.007339
seafood,6.048254,8.273723
seafood_sauce,6.1106114,9.175807
seafood_seasoning,5.400246,7.348324
seafood_stock,5.972406,6.7165375
seasoning_sauce,6.3720794,9.042626
seaweed,5.4168797,8.627769
semolina,2.4514177,6.078999
senbei,5.3603587,9.166847
serrano_ham,6.4660664,5.173202
serrano_pepper,6.2396526,5.459611
sesame_oil,6.239582,8.287327
sesame_paste,5.905866,8.968975
sesame_seed,6.175736,8.240122
sev,8.15218,6.563575
shacha_sauce,6.5323725,9.02773
shallot,6.608002,7.0432625
shaobing,5.328593,9.832533
shaoxing_wine,6.4006734,8.58427
shark,4.7009344,9.3300085
shark_fin,4.9135437,9.278967
shellfish,6.2615933,9.161599
shepherds_purse,5.4562774,9.114181
sherbet,0.29073766,5.8212733
sherry,5.739691,5.81892
sherry_vinegar,5.409859,5.718984
shichimi_togarashi,5.4859843,8.154684
shiitake_mushroom,6.139098,8.284171
shio_koji,6.197671,9.557867
shirasu,5.427981,7.909531
shirataki_noodle,5.666478,7.52731
shochu,5.437264,7.9685497
shortcake,0.8292442,6.646677
shortening,1.3831334,6.5380397
shrimp,6.2126546,7.5434804
shrimp_mushroom,6.168663,9.688269
shrimp_paste,7.2955794,8.211957
sichuan_peppercorn,6.276076,8.65835
silkworm_pupa,6.0400457,9.873084
simit,3.384778,5.2190824
skate,5.484627,6.712589
smelt,4.0082374,5.867218
smoked_cheese,3.7776358,5.666476
smoked_meat,5.516101,9.17165
smoked_paprika,5.493688,5.137835
smoked_salmon,5.2825265,6.05309
smoked_salt,6.1833024,4.382799
snail,6.2897468,9.314292
snail_rice_noodle,5.6509356,9.158476
snake,4.3338523,9.2708025
snake_gourd,8.1230755,6.6864734
snakehead_fish,6.5389376,9.217628
snow_fungus,3.146263,8.844013
snow_pea,5.990559,7.7997284
snow_vegetable,5.980853,9.160835
sobrasada,4.392634,5.0947104
sofrito,6.728034,4.841625
soju,5.3054914,9.3287115
sole,6.1078815,9.053765
somen_noodle,5.6144023,7.8008857
soppressata,4.903779,4.4854894
sorghum,2.404456,6.999305
sorghum_syrup,2.2412522,5.432274
sorrel,3.8673124,5.6937737
sour_bamboo_shoot,6.557647,8.995013
sour_broth,6.2375827,9.54118
sour_cream,2.2519171,6.0345445
sour_mix,0.23847903,5.7509255
soursop,1.5743253,7.705572
southern_comfort,0.38111666,5.8974667
soy_milk,2.483015,7.0654902
soy_protein_isolate,2.4283705,7.0110836
soy_sauce,6.4244604,8.225968
soy_yogurt,2.6142652,6.8173532
soybean,3.40526,8.679881
soybean_oil,5.130179,8.777646
soybean_paste,6.360572,8.822853
soybean_sprout,6.031582,9.031584
spaetzle,5.5497947,5.4215846
sparkling_water,0.8576877,5.6236634
sparkling_wine,0.21771652,5.897643
speck,5.3422127,5.533053
speculoos_cookie,0.98166525,6.923313
spelt,2.5596077,6.876971
spice_mix,6.5480137,8.557521
spinach,5.8148565,6.0327363
spirulina,2.465899,7.0445976
sponge_cake,1.3009396,7.1307664
sprat,3.616273,5.8206916
spring_roll,5.800867,7.5712867
spring_roll_wrapper,6.838666,8.535561
sprinkles,1.0461227,6.7625747
squash,5.3933406,6.004875
squash_blossom,6.856447,9.117425
squid,6.1550484,8.10378
squid_ink,5.9214993,8.668315
squirrel,6.005498,4.6251106
sriracha,5.2451863,6.338718
ssamjang,5.466909,9.639844
star_anise,6.4504204,8.542779
starch,6.4685416,8.504707
starfruit,7.327655,8.777427
steak_sauce,6.006652,4.7800517
steamed_bun,5.448169,9.043699
stevia,2.4389565,6.7501054
stilton_cheese,4.5813,5.1526895
stinky_mandarin_fish,5.9263535,10.042776
stinky_tofu,6.1102066,9.345736
stir_fry_sauce,6.631316,8.58368
stout,1.397397,6.6058993
stracchino_cheese,4.632066,4.5861998
straw_mushroom,5.3445005,8.965837
strawberry,1.1090572,5.767114
strega_liqueur,0.123120725,5.438171
sturgeon,6.3206186,9.575386
sucuk,3.3823135,5.2116804
suet,3.058621,5.6088495
sugar,1.5258211,6.360519
sugar_snap_pea,5.5991464,7.0213675
sugarcane,2.5348547,8.041247
sukiyaki_sauce,5.36004,9.074558
sulguni_cheese,3.6012468,5.8069196
sumac,4.185485,5.625351
summer_sausage,5.839029,4.2008357
sun_dried_tomato,4.12041,5.4439316
sunfish,5.856738,9.624798
sunflower_oil,7.746635,6.639889
sunflower_seed,2.5575404,6.5973015
superior_stock,5.0617876,9.31066
sushi_vinegar,5.403884,8.350587
sushki,3.589292,5.744738
sweet_and_sour_sauce,6.5698338,9.113577
sweet_bean_sauce,6.2546654,8.908385
sweet_chili_sauce,6.1815653,8.431793
sweet_potato,2.9084659,8.003487
sweet_potato_leaf,6.407237,9.221155
sweet_potato_starch,5.980996,8.876588
sweet_preserved_mustard_green,5.8874383,10.017109
sweet_roll,5.49834,4.8169656
sweet_soy_sauce,7.7523756,7.8999524
sweet_vermouth,0.18501775,5.454565
sweetbread,5.0030756,5.042663
swiss_chard,5.666532,5.39795
swiss_cheese,5.645192,4.1837583
swiss_roll,1.4218116,7.2953477
sword_bean,5.875453,9.098775
swordfish,6.3490148,5.3630877
syrup,1.0704199,5.715754
ta_cai,5.4682603,9.62387
tabasco_pepper,6.08542,4.951006
taco_sauce,6.3085327,4.061549
taco_seasoning,6.4671893,4.026223
taco_shell,6.47379,4.064832
tahini,3.5402155,5.33564
tajin,6.926041,4.485442
taleggio_cheese,4.733749,4.6448727
tallow,5.6381273,7.360916
tamale,6.610575,4.0548587
tamari,5.017547,6.243693
tamarillo,5.994448,9.630589
tamarind,7.526419,7.695213
tandoori_masala,7.741573,6.2564187
tangelo,1.3607016,5.7925315
tangerine,1.0118302,5.80837
tapenade,5.2668476,4.652874
tapioca,2.3434315,8.128325
tapioca_pearl,2.0676844,8.006391
tarako,5.3330245,7.810692
tarhana,3.4228754,5.1752286
taro,3.5785325,8.5120325
taro_stem,7.1170487,9.1426
tarragon,5.7958145,5.748024
tartar_sauce,6.0047264,4.483981
tasso,5.9986725,4.7892776
tatsoi,5.3477874,7.8312287
tauco,7.8162966,7.9316273
tea,1.9779643,8.017353
tea_tree_mushroom,4.9714875,9.310739
teff,2.3265393,6.7219124
tempeh,7.816906,7.8829694
tempura_flour,6.53113,8.433837
tenkasu,5.453948,7.9563932
tequila,0.61004394,5.516235
teriyaki_sauce,5.8394227,7.6597805
termite_mushroom,5.3886685,9.302305
textured_soy_protein,6.4125347,5.0062056
thai_basil,7.510549,8.112426
thai_tea,1.3716345,7.17775
thousand_island_dressing,4.936612,8.204967
thyme,5.9406886,5.742502
tiger_milk_mushroom,3.8125937,9.08005
tikka_masala,7.700811,6.2186265
tilapia,6.524347,7.164993
tkemali_sauce,3.628621,5.681368
toffee,0.92026114,6.751022
tofu,6.310179,8.467991
tofu_pudding,5.2002707,9.57692
tofu_skin,5.692066,8.7912
tom_yum_paste,6.008813,9.020982
tomatillo,6.912458,4.227815
tomato,6.2406845,6.019558
tonguefish,5.9746766,9.797943
tonic_water,0.46048895,6.0177855
tonka_bean,1.5195673,7.1949353
tonkatsu_sauce,5.462133,7.9799185
toor_dal,8.179107,6.555414
topmouth_culter,6.0235357,9.912096
tortellini,5.206843,4.4882574
tortilla,6.5638666,4.1060686
trehalose,1.8198245,7.354996
triple_sec,0.5955566,5.6628036
trout,5.30818,5.8870955
truffle_oil,4.995795,5.1657825
tsao_ko,6.3201084,9.0374
tteokbokki_sauce,5.4424505,9.514813
tulum_cheese,3.3206892,5.19876
tuna,6.141856,5.74304
turbot,6.0427365,9.28191
turkey,5.8809533,5.058271
turkey_sausage,5.698678,4.7630057
turkey_stock,5.50408,4.8705144
turkish_delight,1.8290112,6.3734155
turmeric,7.660704,7.4930024
turmeric_leaf,7.7412877,7.9445233
turnip,5.1202874,5.5386057
turnip_green,5.784292,5.18787
turtle,4.683938,9.2172785
tzatziki,5.337874,5.795015
udon_noodle,5.806041,8.417641
umami_sauce,5.8429165,9.676794
ume,5.1673093,7.234862
umeboshi,5.243035,8.223157
umeboshi_vinegar,5.1044154,6.8265753
unagi_kabayaki,5.264056,8.199257
unagi_sauce,5.360086,8.390253
urad_dal,8.175836,6.5475073
utskho_suneli,3.6103113,5.7189674
vadouvan,6.028335,4.9237423
vanilla,1.433008,6.457338
veal,5.364124,5.4303155
vegemite,5.8754416,4.4427557
vegeta_seasoning,6.681846,7.109326
vegetable_extract,5.6421366,9.310395
vegetable_juice,6.1718783,4.4150853
vegetable_oil,6.133441,6.150561
vegetable_puree,2.0763235,6.5892506
vegetable_stock,5.881685,5.6326203
vegetarian_oyster_sauce,5.5427136,9.0320425
velveeta_cheese,6.029789,3.9513319
venison,5.8769126,5.2212725
verjuice,4.971571,5.516194
vermicelli,6.7520247,8.095515
vermouth,0.8508349,5.3145275
viburnum,2.3218172,5.9549093
vienna_sausage,6.2617774,5.0427094
vietnamese_balm,7.217759,8.985095
vietnamese_coriander,7.2599955,8.952566
vietnamese_pork_roll,7.2649636,8.937736
vin_santo,4.328636,5.0458894
vinaigrette,5.2711477,5.65547
vinegar,6.5064883,8.138454
violet,0.6680066,6.627871
vodka,0.6639334,5.4340453
wafer,1.3502029,7.028403
waffle,1.2863353,6.874729
wakame,5.510556,8.417984
walleye,4.847704,4.575894
walnut,1.6748805,5.8548164
walnut_oil,4.674588,6.3589716
wampee,3.333174,9.078628
wasabi,5.628787,8.041164
water,1.645404,6.079941
water_bamboo,5.7819705,9.090496
water_celery,5.939183,9.205493
water_chestnut,3.3968847,8.812348
water_lily_flower,7.2463417,9.054156
water_mimosa,7.266191,9.009031
water_shield,5.139216,9.477124
water_spinach,6.773034,8.885368
watercress,5.5502486,6.790282
watermelon,1.1001365,5.6271772
watermelon_radish,5.3286996,8.494147
wax_apple,1.9865036,8.250224
weipa,5.6826754,8.293271
wheat,2.9233897,8.07785
wheat_germ,2.4339628,6.9178066
wheat_gluten,5.7984295,8.763255
whelk,5.994533,9.678575
whey,2.439217,6.5981426
whipped_topping,0.84016395,6.7293806
whiskey,0.66186243,5.352622
white_bean,6.064205,5.240066
white_chocolate,1.1708516,6.5058885
white_pepper,6.4387374,8.123107
white_soy_sauce,5.503496,8.655143
white_tea,2.790863,8.654284
white_truffle,5.0191526,5.0283747
white_vinegar,6.4592814,7.9892983
white_wine,6.064047,5.8996267
white_wine_vinegar,5.639991,5.582891
whitebait,5.305613,8.965917
whitefish,6.4444385,5.3639097
whiting,5.435825,4.9667783
whole_wheat_flour,2.320015,6.678833
wild_betel_leaf,7.101081,9.048851
wild_boar,4.9857116,5.439751
wild_garlic,3.7028959,5.7472777
wild_ginger,6.4661355,9.705267
wild_rice,5.004483,5.782939
wine,0.66279364,5.569727
wine_lees,5.106201,9.253213
winged_bean,6.875036,9.013169
winter_melon,4.4803314,9.025111
wintergreen,0.98618203,6.4141297
wisteria_flower,1.8665162,7.279014
wolfberry_leaf,5.6675725,9.544671
wolffish,3.5752022,5.8438954
wonton,5.7973323,8.812333
wood_ear_mushroom,5.960718,8.811133
worcestershire_sauce,6.1863008,5.4584975
wuchang_fish,5.9127994,9.886179
xanthan_gum,2.2770524,6.888247
xo_sauce,5.780535,9.045621
xylitol,2.3158774,7.701229
yacon,3.8754504,9.138069
yak_meat,5.768342,9.991188
yakiniku_sauce,5.5203295,8.011115
yakisoba_sauce,5.455718,7.9687195
yam,3.5910325,6.6801643
yard_long_bean,6.355662,8.880019
yeast,2.1319406,6.8072963
yellow_croaker,6.1350894,9.295322
yellow_curry_paste,7.053443,8.263744
yibin_yacai,5.8884196,9.24116
yogurt,1.892319,5.705063
youtiao,5.265217,9.390522
yu_choy,5.718713,9.090609
yufka,3.2590199,5.2303286
yuzu,5.683376,8.208952
yuzu_kosho,5.329531,8.224331
zaatar,4.5638504,5.5185866
zao_lu,4.818158,9.133477
zha_cai,5.789177,9.040238
zhajiang_sauce,5.3687243,9.635242
zucchini,5.8666625,6.0800066
zucchini_flower,4.7343383,5.2669773
